[{
		"name": "prefix",
		"aliases": [
			"set-prefix",
			"setprefix"
		],
		"key": "CMD_FAQ_PREFIX"
	},
	{
		"name": "channel",
		"aliases": [
			"joinMessageChannel",
			"join-message-channel",
			"leaveMessageChannel",
			"leave-message-channel"
		],
		"key": "CMD_FAQ_JOINLEAVECHANNEL"
	},
	{
		"name": "message",
		"aliases": [
			"joinMessage",
			"join-message",
			"leaveMessage",
			"leave-message"
		],
		"key": "CMD_FAQ_JOINLEAVEMESSAGE"
	},
	{
		"name": "ranks",
		"aliases": [
			"roles"
		],
		"key": "CMD_FAQ_RANKS"
	},
	{
		"name": "bonus",
		"aliases": [
			"bonus-invites",
			"bonusInvites"
		],
		"key": "CMD_FAQ_BONUS"
	},
	{
		"name": "removeInvites",
		"aliases": [
			"remove-invites"
		],
		"key": "CMD_FAQ_REMOVEINVITES"
	},
	{
		"name": "restrictChannel",
		"aliases": [
			"restrict-channel",
			"disable-channel",
			"disableChannel",
			"one-channel",
			"oneChannel"
		],
		"key": "CMD_FAQ_RESTRICTCHANNEL"
	},
	{
		"name": "hideFromLeaderboard",
		"aliases": [
			"hide-from-leaderboard"
		],
		"key": "CMD_FAQ_HIDEFROMLEADERBOARD"
	},
	{
		"name": "fake",
		"aliases": [
			"cheaters"
		],
		"key": "CMD_FAQ_FAKE"
	},
	{
		"name": "webpanel",
		"aliases": [
			"webinterface",
			"website"
		],
		"key": "CMD_FAQ_WEBPANEL"
	},
	{
		"name": "support",
		"aliases": [
			"help"
		],
		"key": "CMD_FAQ_SUPPORT"
	},
	{
		"name": "premium",
		"aliases": [
			"donate"
		],
		"key": "CMD_FAQ_PREMIUM"
	}
]