{
	"extends": "typestrict",
	"rules": {
		"align": [true, "parameters", "arguments", "statements"],
		"ban": false,
		"class-name": true,
		"comment-format": [true, "check-space"],
		"curly": true,
		"eofline": true,
		"forin": true,
		"indent": [true, "tabs"],
		"interface-name": [true, "never-prefix"],
		"jsdoc-format": true,
		"label-position": true,
		"max-line-length": [true, 120],
		"member-access": [true, "check-accessor", "check-constructor"],
		"member-ordering": [
			true,
			{
				"order": [
					"public-before-private",
					"static-before-instance",
					"variables-before-functions"
				]
			}
		],
		"no-arg": true,
		"no-bitwise": true,
		"no-conditional-assignment": true,
		"no-consecutive-blank-lines": true,
		"no-construct": true,
		"no-debugger": true,
		"no-duplicate-variable": true,
		"no-empty": true,
		"no-eval": true,
		"no-floating-promises": true,
		"no-inferrable-types": [false],
		"no-parameter-properties": true,
		"no-shadowed-variable": true,
		"no-string-literal": true,
		"no-switch-case-fall-through": true,
		"no-trailing-whitespace": true,
		"no-unused-expression": true,
		"no-unused-variable": true,
		"no-use-before-declare": true,
		"one-line": [
			true,
			"check-catch",
			"check-else",
			"check-open-brace",
			"check-whitespace"
		],
		"ordered-imports": [
			true,
			{
				"grouped-imports": true
			}
		],
		"quotemark": [true, "single"],
		"radix": true,
		"semicolon": [true, "always"],
		"switch-default": true,
		"trailing-comma": [true],
		"triple-equals": [true, "allow-null-check"],
		"typedef": [
			true,
			"parameter",
			"property-declaration",
			"member-variable-declaration"
		],
		"typedef-whitespace": [
			true,
			{
				"call-signature": "nospace",
				"index-signature": "nospace",
				"parameter": "nospace",
				"property-declaration": "nospace",
				"variable-declaration": "nospace"
			}
		],
		"use-isnan": true,
		"variable-name": [
			true,
			"ban-keywords",
			"check-format",
			"allow-leading-underscore"
		],
		"whitespace": [
			true,
			"check-branch",
			"check-decl",
			"check-module",
			"check-operator",
			"check-separator",
			"check-type",
			"check-typecast"
		]
	}
}
